"PassengerId","Survived","Pclass","Sex","Age","SibSp","Parch","Fare","Embarked","Supervivencia","edat"
1,"0","3","male",22,1,0,7.25,"S","No_Survived","21-30"
2,"1","1","female",38,1,0,71.2833,"C","Survived","31-40"
3,"1","3","female",26,0,0,7.925,"S","Survived","21-30"
4,"1","1","female",35,1,0,53.1,"S","Survived","31-40"
5,"0","3","male",35,0,0,8.05,"S","No_Survived","31-40"
6,"0","3","male",29,0,0,8.4583,"Q","No_Survived","21-30"
7,"0","1","male",54,0,0,51.8625,"S","No_Survived","51-60"
8,"0","3","male",2,3,1,21.075,"S","No_Survived","0-20"
9,"1","3","female",27,0,2,11.1333,"S","Survived","21-30"
10,"1","2","female",14,1,0,30.0708,"C","Survived","0-20"
11,"1","3","female",4,1,1,16.7,"S","Survived","0-20"
12,"1","1","female",58,0,0,26.55,"S","Survived","51-60"
13,"0","3","male",20,0,0,8.05,"S","No_Survived","0-20"
14,"0","3","male",39,1,5,31.275,"S","No_Survived","31-40"
15,"0","3","female",14,0,0,7.8542,"S","No_Survived","0-20"
16,"1","2","female",55,0,0,16,"S","Survived","51-60"
17,"0","3","male",2,4,1,29.125,"Q","No_Survived","0-20"
18,"1","2","male",29,0,0,13,"S","Survived","21-30"
19,"0","3","female",31,1,0,18,"S","No_Survived","31-40"
20,"1","3","female",29,0,0,7.225,"C","Survived","21-30"
21,"0","2","male",35,0,0,26,"S","No_Survived","31-40"
22,"1","2","male",34,0,0,13,"S","Survived","31-40"
23,"1","3","female",15,0,0,8.0292,"Q","Survived","0-20"
24,"1","1","male",28,0,0,35.5,"S","Survived","21-30"
25,"0","3","female",8,3,1,21.075,"S","No_Survived","0-20"
26,"1","3","female",38,1,5,31.3875,"S","Survived","31-40"
27,"0","3","male",29,0,0,7.225,"C","No_Survived","21-30"
28,"0","1","male",19,3,2,263,"S","No_Survived","0-20"
29,"1","3","female",29,0,0,7.8792,"Q","Survived","21-30"
30,"0","3","male",29,0,0,7.8958,"S","No_Survived","21-30"
31,"0","1","male",40,0,0,27.7208,"C","No_Survived","31-40"
32,"1","1","female",29,1,0,146.5208,"C","Survived","21-30"
33,"1","3","female",29,0,0,7.75,"Q","Survived","21-30"
34,"0","2","male",66,0,0,10.5,"S","No_Survived","61-70"
35,"0","1","male",28,1,0,82.1708,"C","No_Survived","21-30"
36,"0","1","male",42,1,0,52,"S","No_Survived","41-50"
37,"1","3","male",29,0,0,7.2292,"C","Survived","21-30"
38,"0","3","male",21,0,0,8.05,"S","No_Survived","21-30"
39,"0","3","female",18,2,0,18,"S","No_Survived","0-20"
40,"1","3","female",14,1,0,11.2417,"C","Survived","0-20"
41,"0","3","female",40,1,0,9.475,"S","No_Survived","31-40"
42,"0","2","female",27,1,0,21,"S","No_Survived","21-30"
43,"0","3","male",29,0,0,7.8958,"C","No_Survived","21-30"
44,"1","2","female",3,1,2,41.5792,"C","Survived","0-20"
45,"1","3","female",19,0,0,7.8792,"Q","Survived","0-20"
46,"0","3","male",29,0,0,8.05,"S","No_Survived","21-30"
47,"0","3","male",29,1,0,15.5,"Q","No_Survived","21-30"
48,"1","3","female",29,0,0,7.75,"Q","Survived","21-30"
49,"0","3","male",29,2,0,21.6792,"C","No_Survived","21-30"
50,"0","3","female",18,1,0,17.8,"S","No_Survived","0-20"
51,"0","3","male",7,4,1,39.6875,"S","No_Survived","0-20"
52,"0","3","male",21,0,0,7.8,"S","No_Survived","21-30"
53,"1","1","female",49,1,0,76.7292,"C","Survived","41-50"
54,"1","2","female",29,1,0,26,"S","Survived","21-30"
55,"0","1","male",65,0,1,61.9792,"C","No_Survived","61-70"
56,"1","1","male",29,0,0,35.5,"S","Survived","21-30"
57,"1","2","female",21,0,0,10.5,"S","Survived","21-30"
58,"0","3","male",28,0,0,7.2292,"C","No_Survived","21-30"
59,"1","2","female",5,1,2,27.75,"S","Survived","0-20"
60,"0","3","male",11,5,2,46.9,"S","No_Survived","0-20"
61,"0","3","male",22,0,0,7.2292,"C","No_Survived","21-30"
62,"1","1","female",38,0,0,80,"S","Survived","31-40"
63,"0","1","male",45,1,0,83.475,"S","No_Survived","41-50"
64,"0","3","male",4,3,2,27.9,"S","No_Survived","0-20"
65,"0","1","male",29,0,0,27.7208,"C","No_Survived","21-30"
66,"1","3","male",29,1,1,15.2458,"C","Survived","21-30"
67,"1","2","female",29,0,0,10.5,"S","Survived","21-30"
68,"0","3","male",19,0,0,8.1583,"S","No_Survived","0-20"
69,"1","3","female",17,4,2,7.925,"S","Survived","0-20"
70,"0","3","male",26,2,0,8.6625,"S","No_Survived","21-30"
71,"0","2","male",32,0,0,10.5,"S","No_Survived","31-40"
72,"0","3","female",16,5,2,46.9,"S","No_Survived","0-20"
73,"0","2","male",21,0,0,73.5,"S","No_Survived","21-30"
74,"0","3","male",26,1,0,14.4542,"C","No_Survived","21-30"
75,"1","3","male",32,0,0,56.4958,"S","Survived","31-40"
76,"0","3","male",25,0,0,7.65,"S","No_Survived","21-30"
77,"0","3","male",29,0,0,7.8958,"S","No_Survived","21-30"
78,"0","3","male",29,0,0,8.05,"S","No_Survived","21-30"
79,"1","2","male",0,0,2,29,"S","Survived",NA
80,"1","3","female",30,0,0,12.475,"S","Survived","21-30"
81,"0","3","male",22,0,0,9,"S","No_Survived","21-30"
82,"1","3","male",29,0,0,9.5,"S","Survived","21-30"
83,"1","3","female",29,0,0,7.7875,"Q","Survived","21-30"
84,"0","1","male",28,0,0,47.1,"S","No_Survived","21-30"
85,"1","2","female",17,0,0,10.5,"S","Survived","0-20"
86,"1","3","female",33,3,0,15.85,"S","Survived","31-40"
87,"0","3","male",16,1,3,34.375,"S","No_Survived","0-20"
88,"0","3","male",29,0,0,8.05,"S","No_Survived","21-30"
89,"1","1","female",23,3,2,263,"S","Survived","21-30"
90,"0","3","male",24,0,0,8.05,"S","No_Survived","21-30"
91,"0","3","male",29,0,0,8.05,"S","No_Survived","21-30"
92,"0","3","male",20,0,0,7.8542,"S","No_Survived","0-20"
93,"0","1","male",46,1,0,61.175,"S","No_Survived","41-50"
94,"0","3","male",26,1,2,20.575,"S","No_Survived","21-30"
95,"0","3","male",59,0,0,7.25,"S","No_Survived","51-60"
96,"0","3","male",29,0,0,8.05,"S","No_Survived","21-30"
97,"0","1","male",71,0,0,34.6542,"C","No_Survived","71-80"
98,"1","1","male",23,0,1,63.3583,"C","Survived","21-30"
99,"1","2","female",34,0,1,23,"S","Survived","31-40"
100,"0","2","male",34,1,0,26,"S","No_Survived","31-40"
101,"0","3","female",28,0,0,7.8958,"S","No_Survived","21-30"
102,"0","3","male",29,0,0,7.8958,"S","No_Survived","21-30"
103,"0","1","male",21,0,1,77.2875,"S","No_Survived","21-30"
104,"0","3","male",33,0,0,8.6542,"S","No_Survived","31-40"
105,"0","3","male",37,2,0,7.925,"S","No_Survived","31-40"
106,"0","3","male",28,0,0,7.8958,"S","No_Survived","21-30"
107,"1","3","female",21,0,0,7.65,"S","Survived","21-30"
108,"1","3","male",29,0,0,7.775,"S","Survived","21-30"
109,"0","3","male",38,0,0,7.8958,"S","No_Survived","31-40"
110,"1","3","female",29,1,0,24.15,"Q","Survived","21-30"
111,"0","1","male",47,0,0,52,"S","No_Survived","41-50"
112,"0","3","female",14,1,0,14.4542,"C","No_Survived","0-20"
113,"0","3","male",22,0,0,8.05,"S","No_Survived","21-30"
114,"0","3","female",20,1,0,9.825,"S","No_Survived","0-20"
115,"0","3","female",17,0,0,14.4583,"C","No_Survived","0-20"
116,"0","3","male",21,0,0,7.925,"S","No_Survived","21-30"
117,"0","3","male",70,0,0,7.75,"Q","No_Survived","61-70"
118,"0","2","male",29,1,0,21,"S","No_Survived","21-30"
119,"0","1","male",24,0,1,247.5208,"C","No_Survived","21-30"
120,"0","3","female",2,4,2,31.275,"S","No_Survived","0-20"
121,"0","2","male",21,2,0,73.5,"S","No_Survived","21-30"
122,"0","3","male",29,0,0,8.05,"S","No_Survived","21-30"
123,"0","2","male",32,1,0,30.0708,"C","No_Survived","31-40"
124,"1","2","female",32,0,0,13,"S","Survived","31-40"
125,"0","1","male",54,0,1,77.2875,"S","No_Survived","51-60"
126,"1","3","male",12,1,0,11.2417,"C","Survived","0-20"
127,"0","3","male",29,0,0,7.75,"Q","No_Survived","21-30"
128,"1","3","male",24,0,0,7.1417,"S","Survived","21-30"
129,"1","3","female",29,1,1,22.3583,"C","Survived","21-30"
130,"0","3","male",45,0,0,6.975,"S","No_Survived","41-50"
131,"0","3","male",33,0,0,7.8958,"C","No_Survived","31-40"
132,"0","3","male",20,0,0,7.05,"S","No_Survived","0-20"
133,"0","3","female",47,1,0,14.5,"S","No_Survived","41-50"
134,"1","2","female",29,1,0,26,"S","Survived","21-30"
135,"0","2","male",25,0,0,13,"S","No_Survived","21-30"
136,"0","2","male",23,0,0,15.0458,"C","No_Survived","21-30"
137,"1","1","female",19,0,2,26.2833,"S","Survived","0-20"
138,"0","1","male",37,1,0,53.1,"S","No_Survived","31-40"
139,"0","3","male",16,0,0,9.2167,"S","No_Survived","0-20"
140,"0","1","male",24,0,0,79.2,"C","No_Survived","21-30"
141,"0","3","female",29,0,2,15.2458,"C","No_Survived","21-30"
142,"1","3","female",22,0,0,7.75,"S","Survived","21-30"
143,"1","3","female",24,1,0,15.85,"S","Survived","21-30"
144,"0","3","male",19,0,0,6.75,"Q","No_Survived","0-20"
145,"0","2","male",18,0,0,11.5,"S","No_Survived","0-20"
146,"0","2","male",19,1,1,36.75,"S","No_Survived","0-20"
147,"1","3","male",27,0,0,7.7958,"S","Survived","21-30"
148,"0","3","female",9,2,2,34.375,"S","No_Survived","0-20"
149,"0","2","male",36,0,2,26,"S","No_Survived","31-40"
150,"0","2","male",42,0,0,13,"S","No_Survived","41-50"
151,"0","2","male",51,0,0,12.525,"S","No_Survived","51-60"
152,"1","1","female",22,1,0,66.6,"S","Survived","21-30"
153,"0","3","male",55,0,0,8.05,"S","No_Survived","51-60"
154,"0","3","male",40,0,2,14.5,"S","No_Survived","31-40"
155,"0","3","male",29,0,0,7.3125,"S","No_Survived","21-30"
156,"0","1","male",51,0,1,61.3792,"C","No_Survived","51-60"
157,"1","3","female",16,0,0,7.7333,"Q","Survived","0-20"
158,"0","3","male",30,0,0,8.05,"S","No_Survived","21-30"
159,"0","3","male",29,0,0,8.6625,"S","No_Survived","21-30"
160,"0","3","male",29,8,2,69.55,"S","No_Survived","21-30"
161,"0","3","male",44,0,1,16.1,"S","No_Survived","41-50"
162,"1","2","female",40,0,0,15.75,"S","Survived","31-40"
163,"0","3","male",26,0,0,7.775,"S","No_Survived","21-30"
164,"0","3","male",17,0,0,8.6625,"S","No_Survived","0-20"
165,"0","3","male",1,4,1,39.6875,"S","No_Survived","0-20"
166,"1","3","male",9,0,2,20.525,"S","Survived","0-20"
167,"1","1","female",29,0,1,55,"S","Survived","21-30"
168,"0","3","female",45,1,4,27.9,"S","No_Survived","41-50"
169,"0","1","male",29,0,0,25.925,"S","No_Survived","21-30"
170,"0","3","male",28,0,0,56.4958,"S","No_Survived","21-30"
171,"0","1","male",61,0,0,33.5,"S","No_Survived","61-70"
172,"0","3","male",4,4,1,29.125,"Q","No_Survived","0-20"
173,"1","3","female",1,1,1,11.1333,"S","Survived","0-20"
174,"0","3","male",21,0,0,7.925,"S","No_Survived","21-30"
175,"0","1","male",56,0,0,30.6958,"C","No_Survived","51-60"
176,"0","3","male",18,1,1,7.8542,"S","No_Survived","0-20"
177,"0","3","male",29,3,1,25.4667,"S","No_Survived","21-30"
178,"0","1","female",50,0,0,28.7125,"C","No_Survived","41-50"
179,"0","2","male",30,0,0,13,"S","No_Survived","21-30"
180,"0","3","male",36,0,0,0,"S","No_Survived","31-40"
181,"0","3","female",29,8,2,69.55,"S","No_Survived","21-30"
182,"0","2","male",29,0,0,15.05,"C","No_Survived","21-30"
183,"0","3","male",9,4,2,31.3875,"S","No_Survived","0-20"
184,"1","2","male",1,2,1,39,"S","Survived","0-20"
185,"1","3","female",4,0,2,22.025,"S","Survived","0-20"
186,"0","1","male",29,0,0,50,"S","No_Survived","21-30"
187,"1","3","female",29,1,0,15.5,"Q","Survived","21-30"
188,"1","1","male",45,0,0,26.55,"S","Survived","41-50"
189,"0","3","male",40,1,1,15.5,"Q","No_Survived","31-40"
190,"0","3","male",36,0,0,7.8958,"S","No_Survived","31-40"
191,"1","2","female",32,0,0,13,"S","Survived","31-40"
192,"0","2","male",19,0,0,13,"S","No_Survived","0-20"
193,"1","3","female",19,1,0,7.8542,"S","Survived","0-20"
194,"1","2","male",3,1,1,26,"S","Survived","0-20"
195,"1","1","female",44,0,0,27.7208,"C","Survived","41-50"
196,"1","1","female",58,0,0,146.5208,"C","Survived","51-60"
197,"0","3","male",29,0,0,7.75,"Q","No_Survived","21-30"
198,"0","3","male",42,0,1,8.4042,"S","No_Survived","41-50"
199,"1","3","female",29,0,0,7.75,"Q","Survived","21-30"
200,"0","2","female",24,0,0,13,"S","No_Survived","21-30"
201,"0","3","male",28,0,0,9.5,"S","No_Survived","21-30"
202,"0","3","male",29,8,2,69.55,"S","No_Survived","21-30"
203,"0","3","male",34,0,0,6.4958,"S","No_Survived","31-40"
204,"0","3","male",45,0,0,7.225,"C","No_Survived","41-50"
205,"1","3","male",18,0,0,8.05,"S","Survived","0-20"
206,"0","3","female",2,0,1,10.4625,"S","No_Survived","0-20"
207,"0","3","male",32,1,0,15.85,"S","No_Survived","31-40"
208,"1","3","male",26,0,0,18.7875,"C","Survived","21-30"
209,"1","3","female",16,0,0,7.75,"Q","Survived","0-20"
210,"1","1","male",40,0,0,31,"C","Survived","31-40"
211,"0","3","male",24,0,0,7.05,"S","No_Survived","21-30"
212,"1","2","female",35,0,0,21,"S","Survived","31-40"
213,"0","3","male",22,0,0,7.25,"S","No_Survived","21-30"
214,"0","2","male",30,0,0,13,"S","No_Survived","21-30"
215,"0","3","male",29,1,0,7.75,"Q","No_Survived","21-30"
216,"1","1","female",31,1,0,113.275,"C","Survived","31-40"
217,"1","3","female",27,0,0,7.925,"S","Survived","21-30"
218,"0","2","male",42,1,0,27,"S","No_Survived","41-50"
219,"1","1","female",32,0,0,76.2917,"C","Survived","31-40"
220,"0","2","male",30,0,0,10.5,"S","No_Survived","21-30"
221,"1","3","male",16,0,0,8.05,"S","Survived","0-20"
222,"0","2","male",27,0,0,13,"S","No_Survived","21-30"
223,"0","3","male",51,0,0,8.05,"S","No_Survived","51-60"
224,"0","3","male",29,0,0,7.8958,"S","No_Survived","21-30"
225,"1","1","male",38,1,0,90,"S","Survived","31-40"
226,"0","3","male",22,0,0,9.35,"S","No_Survived","21-30"
227,"1","2","male",19,0,0,10.5,"S","Survived","0-20"
228,"0","3","male",20,0,0,7.25,"S","No_Survived","0-20"
229,"0","2","male",18,0,0,13,"S","No_Survived","0-20"
230,"0","3","female",29,3,1,25.4667,"S","No_Survived","21-30"
231,"1","1","female",35,1,0,83.475,"S","Survived","31-40"
232,"0","3","male",29,0,0,7.775,"S","No_Survived","21-30"
233,"0","2","male",59,0,0,13.5,"S","No_Survived","51-60"
234,"1","3","female",5,4,2,31.3875,"S","Survived","0-20"
235,"0","2","male",24,0,0,10.5,"S","No_Survived","21-30"
236,"0","3","female",29,0,0,7.55,"S","No_Survived","21-30"
237,"0","2","male",44,1,0,26,"S","No_Survived","41-50"
238,"1","2","female",8,0,2,26.25,"S","Survived","0-20"
239,"0","2","male",19,0,0,10.5,"S","No_Survived","0-20"
240,"0","2","male",33,0,0,12.275,"S","No_Survived","31-40"
241,"0","3","female",29,1,0,14.4542,"C","No_Survived","21-30"
242,"1","3","female",29,1,0,15.5,"Q","Survived","21-30"
243,"0","2","male",29,0,0,10.5,"S","No_Survived","21-30"
244,"0","3","male",22,0,0,7.125,"S","No_Survived","21-30"
245,"0","3","male",30,0,0,7.225,"C","No_Survived","21-30"
246,"0","1","male",44,2,0,90,"Q","No_Survived","41-50"
247,"0","3","female",25,0,0,7.775,"S","No_Survived","21-30"
248,"1","2","female",24,0,2,14.5,"S","Survived","21-30"
249,"1","1","male",37,1,1,52.5542,"S","Survived","31-40"
250,"0","2","male",54,1,0,26,"S","No_Survived","51-60"
251,"0","3","male",29,0,0,7.25,"S","No_Survived","21-30"
252,"0","3","female",29,1,1,10.4625,"S","No_Survived","21-30"
253,"0","1","male",62,0,0,26.55,"S","No_Survived","61-70"
254,"0","3","male",30,1,0,16.1,"S","No_Survived","21-30"
255,"0","3","female",41,0,2,20.2125,"S","No_Survived","41-50"
256,"1","3","female",29,0,2,15.2458,"C","Survived","21-30"
257,"1","1","female",29,0,0,79.2,"C","Survived","21-30"
258,"1","1","female",30,0,0,86.5,"S","Survived","21-30"
259,"1","1","female",35,0,0,512.3292,"C","Survived","31-40"
260,"1","2","female",50,0,1,26,"S","Survived","41-50"
261,"0","3","male",29,0,0,7.75,"Q","No_Survived","21-30"
262,"1","3","male",3,4,2,31.3875,"S","Survived","0-20"
263,"0","1","male",52,1,1,79.65,"S","No_Survived","51-60"
264,"0","1","male",40,0,0,0,"S","No_Survived","31-40"
265,"0","3","female",29,0,0,7.75,"Q","No_Survived","21-30"
266,"0","2","male",36,0,0,10.5,"S","No_Survived","31-40"
267,"0","3","male",16,4,1,39.6875,"S","No_Survived","0-20"
268,"1","3","male",25,1,0,7.775,"S","Survived","21-30"
269,"1","1","female",58,0,1,153.4625,"S","Survived","51-60"
270,"1","1","female",35,0,0,135.6333,"S","Survived","31-40"
271,"0","1","male",29,0,0,31,"S","No_Survived","21-30"
272,"1","3","male",25,0,0,0,"S","Survived","21-30"
273,"1","2","female",41,0,1,19.5,"S","Survived","41-50"
274,"0","1","male",37,0,1,29.7,"C","No_Survived","31-40"
275,"1","3","female",29,0,0,7.75,"Q","Survived","21-30"
276,"1","1","female",63,1,0,77.9583,"S","Survived","61-70"
277,"0","3","female",45,0,0,7.75,"S","No_Survived","41-50"
278,"0","2","male",29,0,0,0,"S","No_Survived","21-30"
279,"0","3","male",7,4,1,29.125,"Q","No_Survived","0-20"
280,"1","3","female",35,1,1,20.25,"S","Survived","31-40"
281,"0","3","male",65,0,0,7.75,"Q","No_Survived","61-70"
282,"0","3","male",28,0,0,7.8542,"S","No_Survived","21-30"
283,"0","3","male",16,0,0,9.5,"S","No_Survived","0-20"
284,"1","3","male",19,0,0,8.05,"S","Survived","0-20"
285,"0","1","male",29,0,0,26,"S","No_Survived","21-30"
286,"0","3","male",33,0,0,8.6625,"C","No_Survived","31-40"
287,"1","3","male",30,0,0,9.5,"S","Survived","21-30"
288,"0","3","male",22,0,0,7.8958,"S","No_Survived","21-30"
289,"1","2","male",42,0,0,13,"S","Survived","41-50"
290,"1","3","female",22,0,0,7.75,"Q","Survived","21-30"
291,"1","1","female",26,0,0,78.85,"S","Survived","21-30"
292,"1","1","female",19,1,0,91.0792,"C","Survived","0-20"
293,"0","2","male",36,0,0,12.875,"C","No_Survived","31-40"
294,"0","3","female",24,0,0,8.85,"S","No_Survived","21-30"
295,"0","3","male",24,0,0,7.8958,"S","No_Survived","21-30"
296,"0","1","male",29,0,0,27.7208,"C","No_Survived","21-30"
297,"0","3","male",23,0,0,7.2292,"C","No_Survived","21-30"
298,"0","1","female",2,1,2,151.55,"S","No_Survived","0-20"
299,"1","1","male",29,0,0,30.5,"S","Survived","21-30"
300,"1","1","female",50,0,1,247.5208,"C","Survived","41-50"
301,"1","3","female",29,0,0,7.75,"Q","Survived","21-30"
302,"1","3","male",29,2,0,23.25,"Q","Survived","21-30"
303,"0","3","male",19,0,0,0,"S","No_Survived","0-20"
304,"1","2","female",29,0,0,12.35,"Q","Survived","21-30"
305,"0","3","male",29,0,0,8.05,"S","No_Survived","21-30"
306,"1","1","male",0,1,2,151.55,"S","Survived",NA
307,"1","1","female",29,0,0,110.8833,"C","Survived","21-30"
308,"1","1","female",17,1,0,108.9,"C","Survived","0-20"
309,"0","2","male",30,1,0,24,"C","No_Survived","21-30"
310,"1","1","female",30,0,0,56.9292,"C","Survived","21-30"
311,"1","1","female",24,0,0,83.1583,"C","Survived","21-30"
312,"1","1","female",18,2,2,262.375,"C","Survived","0-20"
313,"0","2","female",26,1,1,26,"S","No_Survived","21-30"
314,"0","3","male",28,0,0,7.8958,"S","No_Survived","21-30"
315,"0","2","male",43,1,1,26.25,"S","No_Survived","41-50"
316,"1","3","female",26,0,0,7.8542,"S","Survived","21-30"
317,"1","2","female",24,1,0,26,"S","Survived","21-30"
318,"0","2","male",54,0,0,14,"S","No_Survived","51-60"
319,"1","1","female",31,0,2,164.8667,"S","Survived","31-40"
320,"1","1","female",40,1,1,134.5,"C","Survived","31-40"
321,"0","3","male",22,0,0,7.25,"S","No_Survived","21-30"
322,"0","3","male",27,0,0,7.8958,"S","No_Survived","21-30"
323,"1","2","female",30,0,0,12.35,"Q","Survived","21-30"
324,"1","2","female",22,1,1,29,"S","Survived","21-30"
325,"0","3","male",29,8,2,69.55,"S","No_Survived","21-30"
326,"1","1","female",36,0,0,135.6333,"C","Survived","31-40"
327,"0","3","male",61,0,0,6.2375,"S","No_Survived","61-70"
328,"1","2","female",36,0,0,13,"S","Survived","31-40"
329,"1","3","female",31,1,1,20.525,"S","Survived","31-40"
330,"1","1","female",16,0,1,57.9792,"C","Survived","0-20"
331,"1","3","female",29,2,0,23.25,"Q","Survived","21-30"
332,"0","1","male",45,0,0,28.5,"S","No_Survived","41-50"
333,"0","1","male",38,0,1,153.4625,"S","No_Survived","31-40"
334,"0","3","male",16,2,0,18,"S","No_Survived","0-20"
335,"1","1","female",29,1,0,133.65,"S","Survived","21-30"
336,"0","3","male",29,0,0,7.8958,"S","No_Survived","21-30"
337,"0","1","male",29,1,0,66.6,"S","No_Survived","21-30"
338,"1","1","female",41,0,0,134.5,"C","Survived","41-50"
339,"1","3","male",45,0,0,8.05,"S","Survived","41-50"
340,"0","1","male",45,0,0,35.5,"S","No_Survived","41-50"
341,"1","2","male",2,1,1,26,"S","Survived","0-20"
342,"1","1","female",24,3,2,263,"S","Survived","21-30"
343,"0","2","male",28,0,0,13,"S","No_Survived","21-30"
344,"0","2","male",25,0,0,13,"S","No_Survived","21-30"
345,"0","2","male",36,0,0,13,"S","No_Survived","31-40"
346,"1","2","female",24,0,0,13,"S","Survived","21-30"
347,"1","2","female",40,0,0,13,"S","Survived","31-40"
348,"1","3","female",29,1,0,16.1,"S","Survived","21-30"
349,"1","3","male",3,1,1,15.9,"S","Survived","0-20"
350,"0","3","male",42,0,0,8.6625,"S","No_Survived","41-50"
351,"0","3","male",23,0,0,9.225,"S","No_Survived","21-30"
352,"0","1","male",29,0,0,35,"S","No_Survived","21-30"
353,"0","3","male",15,1,1,7.2292,"C","No_Survived","0-20"
354,"0","3","male",25,1,0,17.8,"S","No_Survived","21-30"
355,"0","3","male",29,0,0,7.225,"C","No_Survived","21-30"
356,"0","3","male",28,0,0,9.5,"S","No_Survived","21-30"
357,"1","1","female",22,0,1,55,"S","Survived","21-30"
358,"0","2","female",38,0,0,13,"S","No_Survived","31-40"
359,"1","3","female",29,0,0,7.8792,"Q","Survived","21-30"
360,"1","3","female",29,0,0,7.8792,"Q","Survived","21-30"
361,"0","3","male",40,1,4,27.9,"S","No_Survived","31-40"
362,"0","2","male",29,1,0,27.7208,"C","No_Survived","21-30"
363,"0","3","female",45,0,1,14.4542,"C","No_Survived","41-50"
364,"0","3","male",35,0,0,7.05,"S","No_Survived","31-40"
365,"0","3","male",29,1,0,15.5,"Q","No_Survived","21-30"
366,"0","3","male",30,0,0,7.25,"S","No_Survived","21-30"
367,"1","1","female",60,1,0,75.25,"C","Survived","51-60"
368,"1","3","female",29,0,0,7.2292,"C","Survived","21-30"
369,"1","3","female",29,0,0,7.75,"Q","Survived","21-30"
370,"1","1","female",24,0,0,69.3,"C","Survived","21-30"
371,"1","1","male",25,1,0,55.4417,"C","Survived","21-30"
372,"0","3","male",18,1,0,6.4958,"S","No_Survived","0-20"
373,"0","3","male",19,0,0,8.05,"S","No_Survived","0-20"
374,"0","1","male",22,0,0,135.6333,"C","No_Survived","21-30"
375,"0","3","female",3,3,1,21.075,"S","No_Survived","0-20"
376,"1","1","female",29,1,0,82.1708,"C","Survived","21-30"
377,"1","3","female",22,0,0,7.25,"S","Survived","21-30"
378,"0","1","male",27,0,2,211.5,"C","No_Survived","21-30"
379,"0","3","male",20,0,0,4.0125,"C","No_Survived","0-20"
380,"0","3","male",19,0,0,7.775,"S","No_Survived","0-20"
381,"1","1","female",42,0,0,227.525,"C","Survived","41-50"
382,"1","3","female",1,0,2,15.7417,"C","Survived","0-20"
383,"0","3","male",32,0,0,7.925,"S","No_Survived","31-40"
384,"1","1","female",35,1,0,52,"S","Survived","31-40"
385,"0","3","male",29,0,0,7.8958,"S","No_Survived","21-30"
386,"0","2","male",18,0,0,73.5,"S","No_Survived","0-20"
387,"0","3","male",1,5,2,46.9,"S","No_Survived","0-20"
388,"1","2","female",36,0,0,13,"S","Survived","31-40"
389,"0","3","male",29,0,0,7.7292,"Q","No_Survived","21-30"
390,"1","2","female",17,0,0,12,"C","Survived","0-20"
391,"1","1","male",36,1,2,120,"S","Survived","31-40"
392,"1","3","male",21,0,0,7.7958,"S","Survived","21-30"
393,"0","3","male",28,2,0,7.925,"S","No_Survived","21-30"
394,"1","1","female",23,1,0,113.275,"C","Survived","21-30"
395,"1","3","female",24,0,2,16.7,"S","Survived","21-30"
396,"0","3","male",22,0,0,7.7958,"S","No_Survived","21-30"
397,"0","3","female",31,0,0,7.8542,"S","No_Survived","31-40"
398,"0","2","male",46,0,0,26,"S","No_Survived","41-50"
399,"0","2","male",23,0,0,10.5,"S","No_Survived","21-30"
400,"1","2","female",28,0,0,12.65,"S","Survived","21-30"
401,"1","3","male",39,0,0,7.925,"S","Survived","31-40"
402,"0","3","male",26,0,0,8.05,"S","No_Survived","21-30"
403,"0","3","female",21,1,0,9.825,"S","No_Survived","21-30"
404,"0","3","male",28,1,0,15.85,"S","No_Survived","21-30"
405,"0","3","female",20,0,0,8.6625,"S","No_Survived","0-20"
406,"0","2","male",34,1,0,21,"S","No_Survived","31-40"
407,"0","3","male",51,0,0,7.75,"S","No_Survived","51-60"
408,"1","2","male",3,1,1,18.75,"S","Survived","0-20"
409,"0","3","male",21,0,0,7.775,"S","No_Survived","21-30"
410,"0","3","female",29,3,1,25.4667,"S","No_Survived","21-30"
411,"0","3","male",29,0,0,7.8958,"S","No_Survived","21-30"
412,"0","3","male",29,0,0,6.8583,"Q","No_Survived","21-30"
413,"1","1","female",33,1,0,90,"Q","Survived","31-40"
414,"0","2","male",29,0,0,0,"S","No_Survived","21-30"
415,"1","3","male",44,0,0,7.925,"S","Survived","41-50"
416,"0","3","female",29,0,0,8.05,"S","No_Survived","21-30"
417,"1","2","female",34,1,1,32.5,"S","Survived","31-40"
418,"1","2","female",18,0,2,13,"S","Survived","0-20"
419,"0","2","male",30,0,0,13,"S","No_Survived","21-30"
420,"0","3","female",10,0,2,24.15,"S","No_Survived","0-20"
421,"0","3","male",29,0,0,7.8958,"C","No_Survived","21-30"
422,"0","3","male",21,0,0,7.7333,"Q","No_Survived","21-30"
423,"0","3","male",29,0,0,7.875,"S","No_Survived","21-30"
424,"0","3","female",28,1,1,14.4,"S","No_Survived","21-30"
425,"0","3","male",18,1,1,20.2125,"S","No_Survived","0-20"
426,"0","3","male",29,0,0,7.25,"S","No_Survived","21-30"
427,"1","2","female",28,1,0,26,"S","Survived","21-30"
428,"1","2","female",19,0,0,26,"S","Survived","0-20"
429,"0","3","male",29,0,0,7.75,"Q","No_Survived","21-30"
430,"1","3","male",32,0,0,8.05,"S","Survived","31-40"
431,"1","1","male",28,0,0,26.55,"S","Survived","21-30"
432,"1","3","female",29,1,0,16.1,"S","Survived","21-30"
433,"1","2","female",42,1,0,26,"S","Survived","41-50"
434,"0","3","male",17,0,0,7.125,"S","No_Survived","0-20"
435,"0","1","male",50,1,0,55.9,"S","No_Survived","41-50"
436,"1","1","female",14,1,2,120,"S","Survived","0-20"
437,"0","3","female",21,2,2,34.375,"S","No_Survived","21-30"
438,"1","2","female",24,2,3,18.75,"S","Survived","21-30"
439,"0","1","male",64,1,4,263,"S","No_Survived","61-70"
440,"0","2","male",31,0,0,10.5,"S","No_Survived","31-40"
441,"1","2","female",45,1,1,26.25,"S","Survived","41-50"
442,"0","3","male",20,0,0,9.5,"S","No_Survived","0-20"
443,"0","3","male",25,1,0,7.775,"S","No_Survived","21-30"
444,"1","2","female",28,0,0,13,"S","Survived","21-30"
445,"1","3","male",29,0,0,8.1125,"S","Survived","21-30"
446,"1","1","male",4,0,2,81.8583,"S","Survived","0-20"
447,"1","2","female",13,0,1,19.5,"S","Survived","0-20"
448,"1","1","male",34,0,0,26.55,"S","Survived","31-40"
449,"1","3","female",5,2,1,19.2583,"C","Survived","0-20"
450,"1","1","male",52,0,0,30.5,"S","Survived","51-60"
451,"0","2","male",36,1,2,27.75,"S","No_Survived","31-40"
452,"0","3","male",29,1,0,19.9667,"S","No_Survived","21-30"
453,"0","1","male",30,0,0,27.75,"C","No_Survived","21-30"
454,"1","1","male",49,1,0,89.1042,"C","Survived","41-50"
455,"0","3","male",29,0,0,8.05,"S","No_Survived","21-30"
456,"1","3","male",29,0,0,7.8958,"C","Survived","21-30"
457,"0","1","male",65,0,0,26.55,"S","No_Survived","61-70"
458,"1","1","female",29,1,0,51.8625,"S","Survived","21-30"
459,"1","2","female",50,0,0,10.5,"S","Survived","41-50"
460,"0","3","male",29,0,0,7.75,"Q","No_Survived","21-30"
461,"1","1","male",48,0,0,26.55,"S","Survived","41-50"
462,"0","3","male",34,0,0,8.05,"S","No_Survived","31-40"
463,"0","1","male",47,0,0,38.5,"S","No_Survived","41-50"
464,"0","2","male",48,0,0,13,"S","No_Survived","41-50"
465,"0","3","male",29,0,0,8.05,"S","No_Survived","21-30"
466,"0","3","male",38,0,0,7.05,"S","No_Survived","31-40"
467,"0","2","male",29,0,0,0,"S","No_Survived","21-30"
468,"0","1","male",56,0,0,26.55,"S","No_Survived","51-60"
469,"0","3","male",29,0,0,7.725,"Q","No_Survived","21-30"
470,"1","3","female",0,2,1,19.2583,"C","Survived",NA
471,"0","3","male",29,0,0,7.25,"S","No_Survived","21-30"
472,"0","3","male",38,0,0,8.6625,"S","No_Survived","31-40"
473,"1","2","female",33,1,2,27.75,"S","Survived","31-40"
474,"1","2","female",23,0,0,13.7917,"C","Survived","21-30"
475,"0","3","female",22,0,0,9.8375,"S","No_Survived","21-30"
476,"0","1","male",29,0,0,52,"S","No_Survived","21-30"
477,"0","2","male",34,1,0,21,"S","No_Survived","31-40"
478,"0","3","male",29,1,0,7.0458,"S","No_Survived","21-30"
479,"0","3","male",22,0,0,7.5208,"S","No_Survived","21-30"
480,"1","3","female",2,0,1,12.2875,"S","Survived","0-20"
481,"0","3","male",9,5,2,46.9,"S","No_Survived","0-20"
482,"0","2","male",29,0,0,0,"S","No_Survived","21-30"
483,"0","3","male",50,0,0,8.05,"S","No_Survived","41-50"
484,"1","3","female",63,0,0,9.5875,"S","Survived","61-70"
485,"1","1","male",25,1,0,91.0792,"C","Survived","21-30"
486,"0","3","female",29,3,1,25.4667,"S","No_Survived","21-30"
487,"1","1","female",35,1,0,90,"S","Survived","31-40"
488,"0","1","male",58,0,0,29.7,"C","No_Survived","51-60"
489,"0","3","male",30,0,0,8.05,"S","No_Survived","21-30"
490,"1","3","male",9,1,1,15.9,"S","Survived","0-20"
491,"0","3","male",29,1,0,19.9667,"S","No_Survived","21-30"
492,"0","3","male",21,0,0,7.25,"S","No_Survived","21-30"
493,"0","1","male",55,0,0,30.5,"S","No_Survived","51-60"
494,"0","1","male",71,0,0,49.5042,"C","No_Survived","71-80"
495,"0","3","male",21,0,0,8.05,"S","No_Survived","21-30"
496,"0","3","male",29,0,0,14.4583,"C","No_Survived","21-30"
497,"1","1","female",54,1,0,78.2667,"C","Survived","51-60"
498,"0","3","male",29,0,0,15.1,"S","No_Survived","21-30"
499,"0","1","female",25,1,2,151.55,"S","No_Survived","21-30"
500,"0","3","male",24,0,0,7.7958,"S","No_Survived","21-30"
501,"0","3","male",17,0,0,8.6625,"S","No_Survived","0-20"
502,"0","3","female",21,0,0,7.75,"Q","No_Survived","21-30"
503,"0","3","female",29,0,0,7.6292,"Q","No_Survived","21-30"
504,"0","3","female",37,0,0,9.5875,"S","No_Survived","31-40"
505,"1","1","female",16,0,0,86.5,"S","Survived","0-20"
506,"0","1","male",18,1,0,108.9,"C","No_Survived","0-20"
507,"1","2","female",33,0,2,26,"S","Survived","31-40"
508,"1","1","male",29,0,0,26.55,"S","Survived","21-30"
509,"0","3","male",28,0,0,22.525,"S","No_Survived","21-30"
510,"1","3","male",26,0,0,56.4958,"S","Survived","21-30"
511,"1","3","male",29,0,0,7.75,"Q","Survived","21-30"
512,"0","3","male",29,0,0,8.05,"S","No_Survived","21-30"
513,"1","1","male",36,0,0,26.2875,"S","Survived","31-40"
514,"1","1","female",54,1,0,59.4,"C","Survived","51-60"
515,"0","3","male",24,0,0,7.4958,"S","No_Survived","21-30"
516,"0","1","male",47,0,0,34.0208,"S","No_Survived","41-50"
517,"1","2","female",34,0,0,10.5,"S","Survived","31-40"
518,"0","3","male",29,0,0,24.15,"Q","No_Survived","21-30"
519,"1","2","female",36,1,0,26,"S","Survived","31-40"
520,"0","3","male",32,0,0,7.8958,"S","No_Survived","31-40"
521,"1","1","female",30,0,0,93.5,"S","Survived","21-30"
522,"0","3","male",22,0,0,7.8958,"S","No_Survived","21-30"
523,"0","3","male",29,0,0,7.225,"C","No_Survived","21-30"
524,"1","1","female",44,0,1,57.9792,"C","Survived","41-50"
525,"0","3","male",29,0,0,7.2292,"C","No_Survived","21-30"
526,"0","3","male",40,0,0,7.75,"Q","No_Survived","31-40"
527,"1","2","female",50,0,0,10.5,"S","Survived","41-50"
528,"0","1","male",29,0,0,221.7792,"S","No_Survived","21-30"
529,"0","3","male",39,0,0,7.925,"S","No_Survived","31-40"
530,"0","2","male",23,2,1,11.5,"S","No_Survived","21-30"
531,"1","2","female",2,1,1,26,"S","Survived","0-20"
532,"0","3","male",29,0,0,7.2292,"C","No_Survived","21-30"
533,"0","3","male",17,1,1,7.2292,"C","No_Survived","0-20"
534,"1","3","female",29,0,2,22.3583,"C","Survived","21-30"
535,"0","3","female",30,0,0,8.6625,"S","No_Survived","21-30"
536,"1","2","female",7,0,2,26.25,"S","Survived","0-20"
537,"0","1","male",45,0,0,26.55,"S","No_Survived","41-50"
538,"1","1","female",30,0,0,106.425,"C","Survived","21-30"
539,"0","3","male",29,0,0,14.5,"S","No_Survived","21-30"
540,"1","1","female",22,0,2,49.5,"C","Survived","21-30"
541,"1","1","female",36,0,2,71,"S","Survived","31-40"
542,"0","3","female",9,4,2,31.275,"S","No_Survived","0-20"
543,"0","3","female",11,4,2,31.275,"S","No_Survived","0-20"
544,"1","2","male",32,1,0,26,"S","Survived","31-40"
545,"0","1","male",50,1,0,106.425,"C","No_Survived","41-50"
546,"0","1","male",64,0,0,26,"S","No_Survived","61-70"
547,"1","2","female",19,1,0,26,"S","Survived","0-20"
548,"1","2","male",29,0,0,13.8625,"C","Survived","21-30"
549,"0","3","male",33,1,1,20.525,"S","No_Survived","31-40"
550,"1","2","male",8,1,1,36.75,"S","Survived","0-20"
551,"1","1","male",17,0,2,110.8833,"C","Survived","0-20"
552,"0","2","male",27,0,0,26,"S","No_Survived","21-30"
553,"0","3","male",29,0,0,7.8292,"Q","No_Survived","21-30"
554,"1","3","male",22,0,0,7.225,"C","Survived","21-30"
555,"1","3","female",22,0,0,7.775,"S","Survived","21-30"
556,"0","1","male",62,0,0,26.55,"S","No_Survived","61-70"
557,"1","1","female",48,1,0,39.6,"C","Survived","41-50"
558,"0","1","male",29,0,0,227.525,"C","No_Survived","21-30"
559,"1","1","female",39,1,1,79.65,"S","Survived","31-40"
560,"1","3","female",36,1,0,17.4,"S","Survived","31-40"
561,"0","3","male",29,0,0,7.75,"Q","No_Survived","21-30"
562,"0","3","male",40,0,0,7.8958,"S","No_Survived","31-40"
563,"0","2","male",28,0,0,13.5,"S","No_Survived","21-30"
564,"0","3","male",29,0,0,8.05,"S","No_Survived","21-30"
565,"0","3","female",29,0,0,8.05,"S","No_Survived","21-30"
566,"0","3","male",24,2,0,24.15,"S","No_Survived","21-30"
567,"0","3","male",19,0,0,7.8958,"S","No_Survived","0-20"
568,"0","3","female",29,0,4,21.075,"S","No_Survived","21-30"
569,"0","3","male",29,0,0,7.2292,"C","No_Survived","21-30"
570,"1","3","male",32,0,0,7.8542,"S","Survived","31-40"
571,"1","2","male",62,0,0,10.5,"S","Survived","61-70"
572,"1","1","female",53,2,0,51.4792,"S","Survived","51-60"
573,"1","1","male",36,0,0,26.3875,"S","Survived","31-40"
574,"1","3","female",29,0,0,7.75,"Q","Survived","21-30"
575,"0","3","male",16,0,0,8.05,"S","No_Survived","0-20"
576,"0","3","male",19,0,0,14.5,"S","No_Survived","0-20"
577,"1","2","female",34,0,0,13,"S","Survived","31-40"
578,"1","1","female",39,1,0,55.9,"S","Survived","31-40"
579,"0","3","female",29,1,0,14.4583,"C","No_Survived","21-30"
580,"1","3","male",32,0,0,7.925,"S","Survived","31-40"
581,"1","2","female",25,1,1,30,"S","Survived","21-30"
582,"1","1","female",39,1,1,110.8833,"C","Survived","31-40"
583,"0","2","male",54,0,0,26,"S","No_Survived","51-60"
584,"0","1","male",36,0,0,40.125,"C","No_Survived","31-40"
585,"0","3","male",29,0,0,8.7125,"C","No_Survived","21-30"
586,"1","1","female",18,0,2,79.65,"S","Survived","0-20"
587,"0","2","male",47,0,0,15,"S","No_Survived","41-50"
588,"1","1","male",60,1,1,79.2,"C","Survived","51-60"
589,"0","3","male",22,0,0,8.05,"S","No_Survived","21-30"
590,"0","3","male",29,0,0,8.05,"S","No_Survived","21-30"
591,"0","3","male",35,0,0,7.125,"S","No_Survived","31-40"
592,"1","1","female",52,1,0,78.2667,"C","Survived","51-60"
593,"0","3","male",47,0,0,7.25,"S","No_Survived","41-50"
594,"0","3","female",29,0,2,7.75,"Q","No_Survived","21-30"
595,"0","2","male",37,1,0,26,"S","No_Survived","31-40"
596,"0","3","male",36,1,1,24.15,"S","No_Survived","31-40"
597,"1","2","female",29,0,0,33,"S","Survived","21-30"
598,"0","3","male",49,0,0,0,"S","No_Survived","41-50"
599,"0","3","male",29,0,0,7.225,"C","No_Survived","21-30"
600,"1","1","male",49,1,0,56.9292,"C","Survived","41-50"
601,"1","2","female",24,2,1,27,"S","Survived","21-30"
602,"0","3","male",29,0,0,7.8958,"S","No_Survived","21-30"
603,"0","1","male",29,0,0,42.4,"S","No_Survived","21-30"
604,"0","3","male",44,0,0,8.05,"S","No_Survived","41-50"
605,"1","1","male",35,0,0,26.55,"C","Survived","31-40"
606,"0","3","male",36,1,0,15.55,"S","No_Survived","31-40"
607,"0","3","male",30,0,0,7.8958,"S","No_Survived","21-30"
608,"1","1","male",27,0,0,30.5,"S","Survived","21-30"
609,"1","2","female",22,1,2,41.5792,"C","Survived","21-30"
610,"1","1","female",40,0,0,153.4625,"S","Survived","31-40"
611,"0","3","female",39,1,5,31.275,"S","No_Survived","31-40"
612,"0","3","male",29,0,0,7.05,"S","No_Survived","21-30"
613,"1","3","female",29,1,0,15.5,"Q","Survived","21-30"
614,"0","3","male",29,0,0,7.75,"Q","No_Survived","21-30"
615,"0","3","male",35,0,0,8.05,"S","No_Survived","31-40"
616,"1","2","female",24,1,2,65,"S","Survived","21-30"
617,"0","3","male",34,1,1,14.4,"S","No_Survived","31-40"
618,"0","3","female",26,1,0,16.1,"S","No_Survived","21-30"
619,"1","2","female",4,2,1,39,"S","Survived","0-20"
620,"0","2","male",26,0,0,10.5,"S","No_Survived","21-30"
621,"0","3","male",27,1,0,14.4542,"C","No_Survived","21-30"
622,"1","1","male",42,1,0,52.5542,"S","Survived","41-50"
623,"1","3","male",20,1,1,15.7417,"C","Survived","0-20"
624,"0","3","male",21,0,0,7.8542,"S","No_Survived","21-30"
625,"0","3","male",21,0,0,16.1,"S","No_Survived","21-30"
626,"0","1","male",61,0,0,32.3208,"S","No_Survived","61-70"
627,"0","2","male",57,0,0,12.35,"Q","No_Survived","51-60"
628,"1","1","female",21,0,0,77.9583,"S","Survived","21-30"
629,"0","3","male",26,0,0,7.8958,"S","No_Survived","21-30"
630,"0","3","male",29,0,0,7.7333,"Q","No_Survived","21-30"
631,"1","1","male",80,0,0,30,"S","Survived","71-80"
632,"0","3","male",51,0,0,7.0542,"S","No_Survived","51-60"
633,"1","1","male",32,0,0,30.5,"C","Survived","31-40"
634,"0","1","male",29,0,0,0,"S","No_Survived","21-30"
635,"0","3","female",9,3,2,27.9,"S","No_Survived","0-20"
636,"1","2","female",28,0,0,13,"S","Survived","21-30"
637,"0","3","male",32,0,0,7.925,"S","No_Survived","31-40"
638,"0","2","male",31,1,1,26.25,"S","No_Survived","31-40"
639,"0","3","female",41,0,5,39.6875,"S","No_Survived","41-50"
640,"0","3","male",29,1,0,16.1,"S","No_Survived","21-30"
641,"0","3","male",20,0,0,7.8542,"S","No_Survived","0-20"
642,"1","1","female",24,0,0,69.3,"C","Survived","21-30"
643,"0","3","female",2,3,2,27.9,"S","No_Survived","0-20"
644,"1","3","male",29,0,0,56.4958,"S","Survived","21-30"
645,"1","3","female",0,2,1,19.2583,"C","Survived",NA
646,"1","1","male",48,1,0,76.7292,"C","Survived","41-50"
647,"0","3","male",19,0,0,7.8958,"S","No_Survived","0-20"
648,"1","1","male",56,0,0,35.5,"C","Survived","51-60"
649,"0","3","male",29,0,0,7.55,"S","No_Survived","21-30"
650,"1","3","female",23,0,0,7.55,"S","Survived","21-30"
651,"0","3","male",29,0,0,7.8958,"S","No_Survived","21-30"
652,"1","2","female",18,0,1,23,"S","Survived","0-20"
653,"0","3","male",21,0,0,8.4333,"S","No_Survived","21-30"
654,"1","3","female",29,0,0,7.8292,"Q","Survived","21-30"
655,"0","3","female",18,0,0,6.75,"Q","No_Survived","0-20"
656,"0","2","male",24,2,0,73.5,"S","No_Survived","21-30"
657,"0","3","male",29,0,0,7.8958,"S","No_Survived","21-30"
658,"0","3","female",32,1,1,15.5,"Q","No_Survived","31-40"
659,"0","2","male",23,0,0,13,"S","No_Survived","21-30"
660,"0","1","male",58,0,2,113.275,"C","No_Survived","51-60"
661,"1","1","male",50,2,0,133.65,"S","Survived","41-50"
662,"0","3","male",40,0,0,7.225,"C","No_Survived","31-40"
663,"0","1","male",47,0,0,25.5875,"S","No_Survived","41-50"
664,"0","3","male",36,0,0,7.4958,"S","No_Survived","31-40"
665,"1","3","male",20,1,0,7.925,"S","Survived","0-20"
666,"0","2","male",32,2,0,73.5,"S","No_Survived","31-40"
667,"0","2","male",25,0,0,13,"S","No_Survived","21-30"
668,"0","3","male",29,0,0,7.775,"S","No_Survived","21-30"
669,"0","3","male",43,0,0,8.05,"S","No_Survived","41-50"
670,"1","1","female",29,1,0,52,"S","Survived","21-30"
671,"1","2","female",40,1,1,39,"S","Survived","31-40"
672,"0","1","male",31,1,0,52,"S","No_Survived","31-40"
673,"0","2","male",70,0,0,10.5,"S","No_Survived","61-70"
674,"1","2","male",31,0,0,13,"S","Survived","31-40"
675,"0","2","male",29,0,0,0,"S","No_Survived","21-30"
676,"0","3","male",18,0,0,7.775,"S","No_Survived","0-20"
677,"0","3","male",24,0,0,8.05,"S","No_Survived","21-30"
678,"1","3","female",18,0,0,9.8417,"S","Survived","0-20"
679,"0","3","female",43,1,6,46.9,"S","No_Survived","41-50"
680,"1","1","male",36,0,1,512.3292,"C","Survived","31-40"
681,"0","3","female",29,0,0,8.1375,"Q","No_Survived","21-30"
682,"1","1","male",27,0,0,76.7292,"C","Survived","21-30"
683,"0","3","male",20,0,0,9.225,"S","No_Survived","0-20"
684,"0","3","male",14,5,2,46.9,"S","No_Survived","0-20"
685,"0","2","male",60,1,1,39,"S","No_Survived","51-60"
686,"0","2","male",25,1,2,41.5792,"C","No_Survived","21-30"
687,"0","3","male",14,4,1,39.6875,"S","No_Survived","0-20"
688,"0","3","male",19,0,0,10.1708,"S","No_Survived","0-20"
689,"0","3","male",18,0,0,7.7958,"S","No_Survived","0-20"
690,"1","1","female",15,0,1,211.3375,"S","Survived","0-20"
691,"1","1","male",31,1,0,57,"S","Survived","31-40"
692,"1","3","female",4,0,1,13.4167,"C","Survived","0-20"
693,"1","3","male",29,0,0,56.4958,"S","Survived","21-30"
694,"0","3","male",25,0,0,7.225,"C","No_Survived","21-30"
695,"0","1","male",60,0,0,26.55,"S","No_Survived","51-60"
696,"0","2","male",52,0,0,13.5,"S","No_Survived","51-60"
697,"0","3","male",44,0,0,8.05,"S","No_Survived","41-50"
698,"1","3","female",29,0,0,7.7333,"Q","Survived","21-30"
699,"0","1","male",49,1,1,110.8833,"C","No_Survived","41-50"
700,"0","3","male",42,0,0,7.65,"S","No_Survived","41-50"
701,"1","1","female",18,1,0,227.525,"C","Survived","0-20"
702,"1","1","male",35,0,0,26.2875,"S","Survived","31-40"
703,"0","3","female",18,0,1,14.4542,"C","No_Survived","0-20"
704,"0","3","male",25,0,0,7.7417,"Q","No_Survived","21-30"
705,"0","3","male",26,1,0,7.8542,"S","No_Survived","21-30"
706,"0","2","male",39,0,0,26,"S","No_Survived","31-40"
707,"1","2","female",45,0,0,13.5,"S","Survived","41-50"
708,"1","1","male",42,0,0,26.2875,"S","Survived","41-50"
709,"1","1","female",22,0,0,151.55,"S","Survived","21-30"
710,"1","3","male",29,1,1,15.2458,"C","Survived","21-30"
711,"1","1","female",24,0,0,49.5042,"C","Survived","21-30"
712,"0","1","male",29,0,0,26.55,"S","No_Survived","21-30"
713,"1","1","male",48,1,0,52,"S","Survived","41-50"
714,"0","3","male",29,0,0,9.4833,"S","No_Survived","21-30"
715,"0","2","male",52,0,0,13,"S","No_Survived","51-60"
716,"0","3","male",19,0,0,7.65,"S","No_Survived","0-20"
717,"1","1","female",38,0,0,227.525,"C","Survived","31-40"
718,"1","2","female",27,0,0,10.5,"S","Survived","21-30"
719,"0","3","male",29,0,0,15.5,"Q","No_Survived","21-30"
720,"0","3","male",33,0,0,7.775,"S","No_Survived","31-40"
721,"1","2","female",6,0,1,33,"S","Survived","0-20"
722,"0","3","male",17,1,0,7.0542,"S","No_Survived","0-20"
723,"0","2","male",34,0,0,13,"S","No_Survived","31-40"
724,"0","2","male",50,0,0,13,"S","No_Survived","41-50"
725,"1","1","male",27,1,0,53.1,"S","Survived","21-30"
726,"0","3","male",20,0,0,8.6625,"S","No_Survived","0-20"
727,"1","2","female",30,3,0,21,"S","Survived","21-30"
728,"1","3","female",29,0,0,7.7375,"Q","Survived","21-30"
729,"0","2","male",25,1,0,26,"S","No_Survived","21-30"
730,"0","3","female",25,1,0,7.925,"S","No_Survived","21-30"
731,"1","1","female",29,0,0,211.3375,"S","Survived","21-30"
732,"0","3","male",11,0,0,18.7875,"C","No_Survived","0-20"
733,"0","2","male",29,0,0,0,"S","No_Survived","21-30"
734,"0","2","male",23,0,0,13,"S","No_Survived","21-30"
735,"0","2","male",23,0,0,13,"S","No_Survived","21-30"
736,"0","3","male",28,0,0,16.1,"S","No_Survived","21-30"
737,"0","3","female",48,1,3,34.375,"S","No_Survived","41-50"
738,"1","1","male",35,0,0,512.3292,"C","Survived","31-40"
739,"0","3","male",29,0,0,7.8958,"S","No_Survived","21-30"
740,"0","3","male",29,0,0,7.8958,"S","No_Survived","21-30"
741,"1","1","male",29,0,0,30,"S","Survived","21-30"
742,"0","1","male",36,1,0,78.85,"S","No_Survived","31-40"
743,"1","1","female",21,2,2,262.375,"C","Survived","21-30"
744,"0","3","male",24,1,0,16.1,"S","No_Survived","21-30"
745,"1","3","male",31,0,0,7.925,"S","Survived","31-40"
746,"0","1","male",70,1,1,71,"S","No_Survived","61-70"
747,"0","3","male",16,1,1,20.25,"S","No_Survived","0-20"
748,"1","2","female",30,0,0,13,"S","Survived","21-30"
749,"0","1","male",19,1,0,53.1,"S","No_Survived","0-20"
750,"0","3","male",31,0,0,7.75,"Q","No_Survived","31-40"
751,"1","2","female",4,1,1,23,"S","Survived","0-20"
752,"1","3","male",6,0,1,12.475,"S","Survived","0-20"
753,"0","3","male",33,0,0,9.5,"S","No_Survived","31-40"
754,"0","3","male",23,0,0,7.8958,"S","No_Survived","21-30"
755,"1","2","female",48,1,2,65,"S","Survived","41-50"
756,"1","2","male",0,1,1,14.5,"S","Survived",NA
757,"0","3","male",28,0,0,7.7958,"S","No_Survived","21-30"
758,"0","2","male",18,0,0,11.5,"S","No_Survived","0-20"
759,"0","3","male",34,0,0,8.05,"S","No_Survived","31-40"
760,"1","1","female",33,0,0,86.5,"S","Survived","31-40"
761,"0","3","male",29,0,0,14.5,"S","No_Survived","21-30"
762,"0","3","male",41,0,0,7.125,"S","No_Survived","41-50"
763,"1","3","male",20,0,0,7.2292,"C","Survived","0-20"
764,"1","1","female",36,1,2,120,"S","Survived","31-40"
765,"0","3","male",16,0,0,7.775,"S","No_Survived","0-20"
766,"1","1","female",51,1,0,77.9583,"S","Survived","51-60"
767,"0","1","male",29,0,0,39.6,"C","No_Survived","21-30"
768,"0","3","female",30,0,0,7.75,"Q","No_Survived","21-30"
769,"0","3","male",29,1,0,24.15,"Q","No_Survived","21-30"
770,"0","3","male",32,0,0,8.3625,"S","No_Survived","31-40"
771,"0","3","male",24,0,0,9.5,"S","No_Survived","21-30"
772,"0","3","male",48,0,0,7.8542,"S","No_Survived","41-50"
773,"0","2","female",57,0,0,10.5,"S","No_Survived","51-60"
774,"0","3","male",29,0,0,7.225,"C","No_Survived","21-30"
775,"1","2","female",54,1,3,23,"S","Survived","51-60"
776,"0","3","male",18,0,0,7.75,"S","No_Survived","0-20"
777,"0","3","male",29,0,0,7.75,"Q","No_Survived","21-30"
778,"1","3","female",5,0,0,12.475,"S","Survived","0-20"
779,"0","3","male",29,0,0,7.7375,"Q","No_Survived","21-30"
780,"1","1","female",43,0,1,211.3375,"S","Survived","41-50"
781,"1","3","female",13,0,0,7.2292,"C","Survived","0-20"
782,"1","1","female",17,1,0,57,"S","Survived","0-20"
783,"0","1","male",29,0,0,30,"S","No_Survived","21-30"
784,"0","3","male",29,1,2,23.45,"S","No_Survived","21-30"
785,"0","3","male",25,0,0,7.05,"S","No_Survived","21-30"
786,"0","3","male",25,0,0,7.25,"S","No_Survived","21-30"
787,"1","3","female",18,0,0,7.4958,"S","Survived","0-20"
788,"0","3","male",8,4,1,29.125,"Q","No_Survived","0-20"
789,"1","3","male",1,1,2,20.575,"S","Survived","0-20"
790,"0","1","male",46,0,0,79.2,"C","No_Survived","41-50"
791,"0","3","male",29,0,0,7.75,"Q","No_Survived","21-30"
792,"0","2","male",16,0,0,26,"S","No_Survived","0-20"
793,"0","3","female",29,8,2,69.55,"S","No_Survived","21-30"
794,"0","1","male",29,0,0,30.6958,"C","No_Survived","21-30"
795,"0","3","male",25,0,0,7.8958,"S","No_Survived","21-30"
796,"0","2","male",39,0,0,13,"S","No_Survived","31-40"
797,"1","1","female",49,0,0,25.9292,"S","Survived","41-50"
798,"1","3","female",31,0,0,8.6833,"S","Survived","31-40"
799,"0","3","male",30,0,0,7.2292,"C","No_Survived","21-30"
800,"0","3","female",30,1,1,24.15,"S","No_Survived","21-30"
801,"0","2","male",34,0,0,13,"S","No_Survived","31-40"
802,"1","2","female",31,1,1,26.25,"S","Survived","31-40"
803,"1","1","male",11,1,2,120,"S","Survived","0-20"
804,"1","3","male",0,0,1,8.5167,"C","Survived",NA
805,"1","3","male",27,0,0,6.975,"S","Survived","21-30"
806,"0","3","male",31,0,0,7.775,"S","No_Survived","31-40"
807,"0","1","male",39,0,0,0,"S","No_Survived","31-40"
808,"0","3","female",18,0,0,7.775,"S","No_Survived","0-20"
809,"0","2","male",39,0,0,13,"S","No_Survived","31-40"
810,"1","1","female",33,1,0,53.1,"S","Survived","31-40"
811,"0","3","male",26,0,0,7.8875,"S","No_Survived","21-30"
812,"0","3","male",39,0,0,24.15,"S","No_Survived","31-40"
813,"0","2","male",35,0,0,10.5,"S","No_Survived","31-40"
814,"0","3","female",6,4,2,31.275,"S","No_Survived","0-20"
815,"0","3","male",30,0,0,8.05,"S","No_Survived","21-30"
816,"0","1","male",29,0,0,0,"S","No_Survived","21-30"
817,"0","3","female",23,0,0,7.925,"S","No_Survived","21-30"
818,"0","2","male",31,1,1,37.0042,"C","No_Survived","31-40"
819,"0","3","male",43,0,0,6.45,"S","No_Survived","41-50"
820,"0","3","male",10,3,2,27.9,"S","No_Survived","0-20"
821,"1","1","female",52,1,1,93.5,"S","Survived","51-60"
822,"1","3","male",27,0,0,8.6625,"S","Survived","21-30"
823,"0","1","male",38,0,0,0,"S","No_Survived","31-40"
824,"1","3","female",27,0,1,12.475,"S","Survived","21-30"
825,"0","3","male",2,4,1,39.6875,"S","No_Survived","0-20"
826,"0","3","male",29,0,0,6.95,"Q","No_Survived","21-30"
827,"0","3","male",29,0,0,56.4958,"S","No_Survived","21-30"
828,"1","2","male",1,0,2,37.0042,"C","Survived","0-20"
829,"1","3","male",29,0,0,7.75,"Q","Survived","21-30"
830,"1","1","female",62,0,0,80,"S","Survived","61-70"
831,"1","3","female",15,1,0,14.4542,"C","Survived","0-20"
832,"1","2","male",0,1,1,18.75,"S","Survived",NA
833,"0","3","male",29,0,0,7.2292,"C","No_Survived","21-30"
834,"0","3","male",23,0,0,7.8542,"S","No_Survived","21-30"
835,"0","3","male",18,0,0,8.3,"S","No_Survived","0-20"
836,"1","1","female",39,1,1,83.1583,"C","Survived","31-40"
837,"0","3","male",21,0,0,8.6625,"S","No_Survived","21-30"
838,"0","3","male",29,0,0,8.05,"S","No_Survived","21-30"
839,"1","3","male",32,0,0,56.4958,"S","Survived","31-40"
840,"1","1","male",29,0,0,29.7,"C","Survived","21-30"
841,"0","3","male",20,0,0,7.925,"S","No_Survived","0-20"
842,"0","2","male",16,0,0,10.5,"S","No_Survived","0-20"
843,"1","1","female",30,0,0,31,"C","Survived","21-30"
844,"0","3","male",34,0,0,6.4375,"C","No_Survived","31-40"
845,"0","3","male",17,0,0,8.6625,"S","No_Survived","0-20"
846,"0","3","male",42,0,0,7.55,"S","No_Survived","41-50"
847,"0","3","male",29,8,2,69.55,"S","No_Survived","21-30"
848,"0","3","male",35,0,0,7.8958,"C","No_Survived","31-40"
849,"0","2","male",28,0,1,33,"S","No_Survived","21-30"
850,"1","1","female",29,1,0,89.1042,"C","Survived","21-30"
851,"0","3","male",4,4,2,31.275,"S","No_Survived","0-20"
852,"0","3","male",74,0,0,7.775,"S","No_Survived","71-80"
853,"0","3","female",9,1,1,15.2458,"C","No_Survived","0-20"
854,"1","1","female",16,0,1,39.4,"S","Survived","0-20"
855,"0","2","female",44,1,0,26,"S","No_Survived","41-50"
856,"1","3","female",18,0,1,9.35,"S","Survived","0-20"
857,"1","1","female",45,1,1,164.8667,"S","Survived","41-50"
858,"1","1","male",51,0,0,26.55,"S","Survived","51-60"
859,"1","3","female",24,0,3,19.2583,"C","Survived","21-30"
860,"0","3","male",29,0,0,7.2292,"C","No_Survived","21-30"
861,"0","3","male",41,2,0,14.1083,"S","No_Survived","41-50"
862,"0","2","male",21,1,0,11.5,"S","No_Survived","21-30"
863,"1","1","female",48,0,0,25.9292,"S","Survived","41-50"
864,"0","3","female",29,8,2,69.55,"S","No_Survived","21-30"
865,"0","2","male",24,0,0,13,"S","No_Survived","21-30"
866,"1","2","female",42,0,0,13,"S","Survived","41-50"
867,"1","2","female",27,1,0,13.8583,"C","Survived","21-30"
868,"0","1","male",31,0,0,50.4958,"S","No_Survived","31-40"
869,"0","3","male",29,0,0,9.5,"S","No_Survived","21-30"
870,"1","3","male",4,1,1,11.1333,"S","Survived","0-20"
871,"0","3","male",26,0,0,7.8958,"S","No_Survived","21-30"
872,"1","1","female",47,1,1,52.5542,"S","Survived","41-50"
873,"0","1","male",33,0,0,5,"S","No_Survived","31-40"
874,"0","3","male",47,0,0,9,"S","No_Survived","41-50"
875,"1","2","female",28,1,0,24,"C","Survived","21-30"
876,"1","3","female",15,0,0,7.225,"C","Survived","0-20"
877,"0","3","male",20,0,0,9.8458,"S","No_Survived","0-20"
878,"0","3","male",19,0,0,7.8958,"S","No_Survived","0-20"
879,"0","3","male",29,0,0,7.8958,"S","No_Survived","21-30"
880,"1","1","female",56,0,1,83.1583,"C","Survived","51-60"
881,"1","2","female",25,0,1,26,"S","Survived","21-30"
882,"0","3","male",33,0,0,7.8958,"S","No_Survived","31-40"
883,"0","3","female",22,0,0,10.5167,"S","No_Survived","21-30"
884,"0","2","male",28,0,0,10.5,"S","No_Survived","21-30"
885,"0","3","male",25,0,0,7.05,"S","No_Survived","21-30"
886,"0","3","female",39,0,5,29.125,"Q","No_Survived","31-40"
887,"0","2","male",27,0,0,13,"S","No_Survived","21-30"
888,"1","1","female",19,0,0,30,"S","Survived","0-20"
889,"0","3","female",29,1,2,23.45,"S","No_Survived","21-30"
890,"1","1","male",26,0,0,30,"C","Survived","21-30"
891,"0","3","male",32,0,0,7.75,"Q","No_Survived","31-40"
